y^+,vv DNS,vv (y^+),uu (y^+) RST,uu DNS,uv DNS,uv RST (y^+),U,U k-w
0,0,0.626119002,2.452193721,1.84E-34,0,-0.54515628,0.770575378,1.01020699
0,0,0.506280681,1.515711283,1.10E-06,0,-0.315505201,1.467345102,2.169057461
0.01,0,0.514827327,1.585571442,2.76E-05,0,-0.363107975,2.344969448,3.481841013
0.03,0,0.57460634,2.008974839,2.16E-04,0,-0.483728748,3.216662633,4.907131163
0.07,0,0.634632393,2.461605008,9.91E-04,0,-0.599875717,4.015536507,6.336763849
0.13,0,0.683983452,2.835263031,3.32E-03,0,-0.690254476,4.738928813,7.652639549
0.22,0,0.725144174,3.124794315,9.08E-03,0,-0.7571454,5.399845337,8.803913494
0.34,0,0.760646722,3.346864581,2.14E-02,0,-0.806634233,6.011444618,9.801714798
0.49,0,0.790738137,3.517873509,4.50E-02,0,-0.843671281,6.584593907,10.67225143
0.68,0,0.815793728,3.650125607,8.52E-02,0,-0.871686606,7.127934632,11.43939642
0.9,0,0.836459603,3.752419313,1.49E-01,0,-0.893050845,7.648558875,12.12564804
1.16,0,0.853367615,3.830968641,2.44E-01,0,-0.909384013,8.152554914,12.75110416
1.44,0,0.866978588,3.889635972,3.80E-01,0,-0.921669519,8.641079305,13.32599919
1.77,0,0.876703426,3.927623176,5.64E-01,-0.01,-0.929788595,9.064138329,13.80145233
2.12,0,0.883848593,3.95195665,8.07E-01,-0.01,-0.935180726,9.43654898,14.20506814
2.52,0,0.889254976,3.966954849,1.12E+00,-0.02,-0.938748558,9.769113045,14.55543878
2.94,0.01,0.893468914,3.975377975,1.50E+00,-0.03,-0.941062186,10.0696209,14.86480629
3.4,0.01,0.89687522,3.979007567,1.95E+00,-0.04,-0.942487419,10.34394261,15.14165932
3.89,0.01,0.899725685,3.979055075,2.47E+00,-0.06,-0.943261795,10.59639889,15.39217346
4.42,0.02,0.90220084,3.976342382,3.05E+00,-0.09,-0.94353734,10.83041575,15.62086581
4.98,0.03,0.904381446,3.971482338,3.67E+00,-0.12,-0.943418571,11.04856818,15.83124968
5.57,0.04,0.906277005,3.964945271,4.31E+00,-0.15,-0.942991001,11.25297288,16.02598732
6.2,0.05,0.907911272,3.957082737,4.96E+00,-0.19,-0.942302139,11.44533195,16.20726093
6.86,0.06,0.909293748,3.948156029,5.59E+00,-0.24,-0.941408993,11.62702016,16.37683805
7.56,0.08,0.910457688,3.93836468,6.19E+00,-0.28,-0.940330567,11.79917226,16.53609346
8.29,0.1,0.911412594,3.927870216,6.73E+00,-0.33,-0.939100116,11.96279203,16.68622737
9.05,0.12,0.912172718,3.916796158,7.20E+00,-0.38,-0.937736643,12.11868689,16.82822175
9.85,0.14,0.912766565,3.905251772,7.61E+00,-0.43,-0.936254401,12.26757696,16.96294948
10.68,0.17,0.913194135,3.893313073,7.93E+00,-0.47,-0.934672393,12.41007324,17.0910652
11.55,0.2,0.913479182,3.88105132,8.19E+00,-0.52,-0.93300012,12.54672128,17.2132454
12.45,0.23,0.913631206,3.868523524,8.37E+00,-0.56,-0.931247083,12.67797934,17.32997015
13.38,0.26,0.913659711,3.855772442,8.50E+00,-0.6,-0.929422785,12.80428386,17.44174135
14.35,0.3,0.913569446,3.84284083,8.56E+00,-0.64,-0.927536727,12.92598398,17.54892998
15.35,0.34,0.913379415,3.829761944,8.58E+00,-0.67,-0.925598411,13.04342884,17.65192882
16.38,0.37,0.913089618,3.816559538,8.55E+00,-0.7,-0.923607836,13.15690215,17.75104339
17.45,0.41,0.912704805,3.803257365,8.49E+00,-0.73,-0.921569753,13.26666575,17.84655736
18.55,0.45,0.912239229,3.78987443,8.40E+00,-0.75,-0.919488913,13.3729815,17.93871078
19.68,0.49,0.911697641,3.776429734,8.28E+00,-0.77,-0.917370067,13.47604581,18.02774368
20.85,0.53,0.91108004,3.762937531,8.15E+00,-0.79,-0.915222716,13.57605507,18.11387428
22.06,0.57,0.910395928,3.749407321,8.01E+00,-0.81,-0.913037359,13.67320568,18.19725533
23.29,0.61,0.909645305,3.735848607,7.86E+00,-0.83,-0.910828249,13.76765038,18.27808324
24.56,0.65,0.908837674,3.722270889,7.70E+00,-0.84,-0.908590633,13.85954193,18.35648893
25.86,0.69,0.907968282,3.70868367,7.54E+00,-0.85,-0.906329264,13.94903309,18.43264697
27.2,0.73,0.907046631,3.695096451,7.38E+00,-0.86,-0.904044141,14.03621114,18.50664466
28.57,0.76,0.906077473,3.681509233,7.22E+00,-0.87,-0.901740014,14.12122883,18.57863474
29.98,0.8,0.905060807,3.667926764,7.06E+00,-0.88,-0.899416885,14.20419527,18.64868268
31.41,0.83,0.903996633,3.654353798,6.91E+00,-0.89,-0.897074753,14.28517593,18.71691942
32.88,0.86,0.902889702,3.640799834,6.76E+00,-0.89,-0.894713617,14.36430173,18.78343223
34.39,0.89,0.901744765,3.627260123,6.62E+00,-0.9,-0.89234298,14.44163815,18.84830841
35.93,0.92,0.900561822,3.613744166,6.49E+00,-0.9,-0.88995334,14.51727247,18.91161342
37.5,0.95,0.899340873,3.600247212,6.36E+00,-0.91,-0.887554198,14.59129198,18.97343455
39.1,0.97,0.898086668,3.586774011,6.24E+00,-0.91,-0.885140804,14.66374032,19.03383726
40.74,0.99,0.896794457,3.573329316,6.12E+00,-0.92,-0.882713157,14.73470478,19.0928652
42.41,1.02,0.895473741,3.559913124,6.01E+00,-0.92,-0.880276009,14.804229,19.15060565
44.11,1.04,0.894124521,3.546525438,5.91E+00,-0.92,-0.87782936,14.87237845,19.20710226
45.85,1.06,0.892742045,3.533166256,5.82E+00,-0.92,-0.875368458,14.93921859,19.26239868
47.62,1.07,0.891335815,3.51984033,5.73E+00,-0.92,-0.872902805,15.00479306,19.31656036
49.43,1.09,0.889901081,3.506542909,5.65E+00,-0.93,-0.870427651,15.0691237,19.36963095
51.26,1.11,0.888437842,3.493278742,5.57E+00,-0.93,-0.867942995,15.1323196,19.42163227
53.13,1.12,0.886950849,3.480047832,5.50E+00,-0.93,-0.865448838,15.19435894,19.47262979
55.04,1.13,0.885444853,3.466850176,5.43E+00,-0.93,-0.86294993,15.2553072,19.52264533
56.97,1.14,0.883915103,3.453685776,5.37E+00,-0.93,-0.860446271,15.31520801,19.57170071
58.94,1.15,0.8823616,3.440559383,5.31E+00,-0.93,-0.85792836,15.3740832,19.61988322
60.95,1.16,0.880784342,3.427461494,5.26E+00,-0.93,-0.855410448,15.43197641,19.66717104
62.98,1.17,0.879188081,3.41439686,5.21E+00,-0.93,-0.852883036,15.48893127,19.71362963
65.05,1.18,0.877572818,3.401370233,5.16E+00,-0.93,-0.850350872,15.54496963,19.75925899
67.15,1.19,0.875943302,3.388376861,5.12E+00,-0.93,-0.847813958,15.60011329,19.80410277
69.28,1.19,0.874290032,3.375421495,5.08E+00,-0.93,-0.845272293,15.6544059,19.84818278
71.45,1.2,0.872617758,3.362499385,5.04E+00,-0.93,-0.842725877,15.70784746,19.89154268
73.65,1.21,0.870931233,3.34961053,5.01E+00,-0.93,-0.84017471,15.76048162,19.93418245
75.88,1.21,0.869230455,3.33675493,4.98E+00,-0.93,-0.837618793,15.81233019,19.97612393
78.15,1.21,0.867510674,3.323937337,4.95E+00,-0.93,-0.835058125,15.86343682,20.01738893
80.45,1.22,0.865776641,3.311148248,4.92E+00,-0.93,-0.832492706,15.91377969,20.0580211
82.78,1.22,0.864023605,3.298397166,4.89E+00,-0.93,-0.829922536,15.96342426,20.09802044
85.14,1.22,0.862261067,3.285679339,4.87E+00,-0.93,-0.827352366,16.01234871,20.13738695
87.53,1.23,0.860479526,3.272994767,4.84E+00,-0.93,-0.824772695,16.0606185,20.17618609
89.96,1.23,0.858688484,3.260343451,4.82E+00,-0.93,-0.822193024,16.10821183,20.21439604
92.42,1.23,0.856883189,3.247725391,4.80E+00,-0.93,-0.819608601,16.15515049,20.25203863
94.92,1.23,0.855063642,3.235140585,4.78E+00,-0.93,-0.817024179,16.20147815,20.28913567
97.44,1.23,0.853229842,3.222589036,4.76E+00,-0.93,-0.814435007,16.2471948,20.32570899
100,1.23,0.851386541,3.210075492,4.75E+00,-0.93,-0.811841083,16.29230044,20.36175859
102.59,1.23,0.849528988,3.197590453,4.73E+00,-0.93,-0.809247159,16.33686053,20.39730628
105.21,1.23,0.847661933,3.18513867,4.71E+00,-0.92,-0.806648485,16.38083144,20.43237389
107.86,1.23,0.845780626,3.172715391,4.70E+00,-0.92,-0.80404506,16.4242568,20.46696143
110.55,1.23,0.843889817,3.160325367,4.68E+00,-0.92,-0.801441635,16.46715843,20.50106889
113.27,1.23,0.841989507,3.147968599,4.67E+00,-0.92,-0.798838209,16.50953635,20.53473991
116.02,1.23,0.840074944,3.135640336,4.66E+00,-0.92,-0.796225283,16.55139054,20.56795267
118.8,1.23,0.83815088,3.123345328,4.64E+00,-0.92,-0.793617107,16.59274283,20.600729
121.62,1.23,0.836217314,3.111078825,4.63E+00,-0.92,-0.790999429,16.63361504,20.63309071
124.46,1.23,0.834274247,3.098845577,4.62E+00,-0.92,-0.788386503,16.67398535,20.66503781
127.34,1.23,0.832321678,3.086640834,4.61E+00,-0.92,-0.785768825,16.71391922,20.69659212
130.25,1.23,0.830359607,3.074469346,4.59E+00,-0.92,-0.783146397,16.75337302,20.72775363
133.19,1.23,0.828388035,3.062326363,4.58E+00,-0.91,-0.780528719,16.79239038,20.75852235
136.17,1.23,0.826411712,3.050211884,4.57E+00,-0.91,-0.77790154,16.8309713,20.78889828
139.17,1.23,0.824421137,3.038135412,4.56E+00,-0.91,-0.775279112,16.86911579,20.81892507
142.21,1.23,0.822425812,3.026082694,4.55E+00,-0.91,-0.772651933,16.90684566,20.8486027
145.28,1.22,0.820420984,3.014063231,4.53E+00,-0.91,-0.770024754,16.94416092,20.87790936
148.38,1.22,0.818406655,3.002067522,4.52E+00,-0.91,-0.767392824,16.98110521,20.90686688
151.51,1.22,0.816387575,2.990105068,4.51E+00,-0.91,-0.764760894,17.01761306,20.93549706
154.67,1.22,0.814358994,2.978171119,4.50E+00,-0.91,-0.762128964,17.05377177,20.96379992
157.87,1.22,0.812320911,2.966265675,4.49E+00,-0.9,-0.759497035,17.08953768,20.99177546
161.09,1.22,0.810278078,2.954388735,4.48E+00,-0.9,-0.756860354,17.12493262,21.01942366
164.35,1.22,0.808225743,2.9425403,4.47E+00,-0.9,-0.754218923,17.15995659,21.04676636
167.64,1.22,0.806168657,2.93072037,4.46E+00,-0.9,-0.751582242,17.19460959,21.07382538
170.96,1.21,0.804102069,2.918928944,4.44E+00,-0.9,-0.748940811,17.22893527,21.10055707
174.31,1.21,0.802030731,2.907166023,4.43E+00,-0.9,-0.746299379,17.26291179,21.12700508
177.69,1.21,0.799954642,2.895431607,4.42E+00,-0.9,-0.743657948,17.29653917,21.15316941
181.1,1.21,0.797869051,2.883720945,4.41E+00,-0.89,-0.741011766,17.32983922,21.17902823
184.55,1.21,0.79577871,2.872038787,4.40E+00,-0.89,-0.738365584,17.36281194,21.20464701
188.02,1.21,0.793678867,2.860385134,4.39E+00,-0.89,-0.735719401,17.39547916,21.22996028
191.52,1.2,0.791574273,2.848759985,4.37E+00,-0.89,-0.733073219,17.42781905,21.2550117
195.06,1.2,0.789464929,2.837163341,4.36E+00,-0.89,-0.730427037,17.45985344,21.27982307
198.63,1.2,0.787350833,2.825590451,4.35E+00,-0.89,-0.727776104,17.49158232,21.30435076
202.22,1.2,0.785231987,2.814046066,4.34E+00,-0.89,-0.725125171,17.52302752,21.32863841
205.85,1.2,0.78310364,2.802525434,4.33E+00,-0.88,-0.722474238,17.55416721,21.3526642
209.51,1.2,0.780975292,2.791033308,4.32E+00,-0.88,-0.719818555,17.58502322,21.37647177
213.2,1.19,0.778837443,2.779569685,4.30E+00,-0.88,-0.717167622,17.61559555,21.40001749
216.92,1.19,0.776699594,2.768134568,4.29E+00,-0.88,-0.714511938,17.64588419,21.42332316
220.66,1.19,0.774552243,2.756723204,4.28E+00,-0.88,-0.711856254,17.67588915,21.44641061
224.44,1.19,0.772400142,2.745335595,4.27E+00,-0.88,-0.709200571,17.70563225,21.46925802
228.25,1.19,0.77024329,2.73397649,4.25E+00,-0.87,-0.706544887,17.73511348,21.49188722
232.09,1.19,0.768086437,2.722641138,4.24E+00,-0.87,-0.703884452,17.76431104,21.51427637
235.96,1.18,0.765920084,2.711334292,4.23E+00,-0.87,-0.701224018,17.79326855,21.53646913
239.86,1.18,0.763748979,2.700051199,4.22E+00,-0.87,-0.698568334,17.8219642,21.55844367
243.79,1.18,0.761577874,2.688796611,4.20E+00,-0.87,-0.6959079,17.85041982,21.5802
247.75,1.18,0.759402019,2.677565777,4.19E+00,-0.87,-0.693247465,17.87861357,21.6017381
251.74,1.18,0.757221413,2.666363448,4.18E+00,-0.86,-0.690587031,17.90656728,21.62307981
255.76,1.17,0.755036056,2.655189623,4.17E+00,-0.86,-0.687921845,17.93428095,21.64422513
259.81,1.17,0.752845948,2.644034801,4.15E+00,-0.86,-0.685261411,17.96177641,21.66517404
263.88,1.17,0.750655841,2.632908484,4.14E+00,-0.86,-0.682596226,17.98903182,21.68590474
267.99,1.17,0.748460982,2.621805921,4.13E+00,-0.86,-0.679931041,18.0160472,21.70646087
272.13,1.17,0.746261373,2.610731862,4.11E+00,-0.85,-0.677265855,18.04284435,21.7268206
276.3,1.16,0.744057013,2.599681558,4.10E+00,-0.85,-0.67460067,18.06942329,21.74700575
280.49,1.16,0.741852653,2.588659758,4.09E+00,-0.85,-0.671935485,18.09576219,21.76699451
284.72,1.16,0.739643542,2.577656961,4.07E+00,-0.85,-0.669270299,18.12190469,21.78678687
288.97,1.16,0.737434431,2.566682669,4.06E+00,-0.85,-0.666600363,18.14780716,21.80642648
293.25,1.16,0.735215819,2.555736881,4.05E+00,-0.84,-0.663935178,18.17351323,21.82593516
297.56,1.15,0.733001958,2.544814847,4.03E+00,-0.84,-0.661265242,18.19900108,21.84513834
301.91,1.15,0.730778594,2.533916568,4.02E+00,-0.84,-0.658595306,18.22429253,21.86434151
306.28,1.15,0.728559982,2.523042042,4.00E+00,-0.84,-0.65592537,18.24936576,21.88310825
310.67,1.15,0.726331868,2.51219602,3.99E+00,-0.84,-0.653255434,18.2742426,21.90187499
315.1,1.15,0.724103754,2.501373753,3.98E+00,-0.83,-0.650585498,18.29892305,21.92042351
319.56,1.14,0.721875641,2.49057999,3.96E+00,-0.83,-0.647915562,18.32340709,21.93897203
324.04,1.14,0.719642776,2.479805231,3.95E+00,-0.83,-0.645245626,18.34769475,21.95730233
328.55,1.14,0.717409911,2.469058976,3.93E+00,-0.83,-0.642570939,18.371786,21.97541442
333.1,1.14,0.715177047,2.458341225,3.92E+00,-0.82,-0.639901003,18.39570268,21.99330829
337.66,1.13,0.712939431,2.447647229,3.91E+00,-0.82,-0.637226316,18.41942297,22.01098393
342.26,1.13,0.710697065,2.436976986,3.89E+00,-0.82,-0.63455638,18.44294685,22.02865958
346.89,1.13,0.708454699,2.426335248,3.88E+00,-0.82,-0.631881694,18.46629617,22.04611701
351.54,1.13,0.706212333,2.415712513,3.86E+00,-0.82,-0.629207007,18.48947091,22.06357445
356.22,1.13,0.703969966,2.405118283,3.85E+00,-0.81,-0.62653232,18.51247107,22.08059544
360.93,1.12,0.701722849,2.394547807,3.83E+00,-0.81,-0.623857633,18.53527484,22.09783465
365.67,1.12,0.699475732,2.384005835,3.82E+00,-0.81,-0.621182946,18.55792586,22.11463743
370.44,1.12,0.697228615,2.373482867,3.80E+00,-0.81,-0.618503509,18.58038048,22.13144021
375.23,1.12,0.694976748,2.362988403,3.79E+00,-0.8,-0.615828822,18.60268235,22.14802477
380.05,1.11,0.692729631,2.352522444,3.77E+00,-0.8,-0.613149384,18.62478782,22.16439111
384.9,1.11,0.690477763,2.342080238,3.76E+00,-0.8,-0.610474697,18.64674054,22.18075745
389.78,1.11,0.688225895,2.331661787,3.74E+00,-0.8,-0.60779526,18.66854051,22.19690558
394.68,1.11,0.685969277,2.321267089,3.73E+00,-0.8,-0.605120573,18.6901659,22.2130537
399.61,1.1,0.683717409,2.310900897,3.71E+00,-0.79,-0.602441136,18.71161672,22.22898361
404.57,1.1,0.68146079,2.300558457,3.70E+00,-0.79,-0.599761698,18.73291479,22.24469529
409.55,1.1,0.679208923,2.290244523,3.68E+00,-0.79,-0.59708226,18.7540601,22.26040698
414.56,1.1,0.676952304,2.279954343,3.67E+00,-0.79,-0.594402823,18.77505266,22.27590045
419.6,1.09,0.674695686,2.269687916,3.65E+00,-0.78,-0.591723385,18.79587065,22.29117571
424.67,1.09,0.672443818,2.259449994,3.64E+00,-0.78,-0.589039197,18.81653588,22.30645096
429.76,1.09,0.670187199,2.249240577,3.62E+00,-0.78,-0.586359759,18.83704836,22.32172621
434.88,1.08,0.667930581,2.239054913,3.60E+00,-0.78,-0.583680322,18.85740809,22.33678324
440.03,1.08,0.665673962,2.228897754,3.59E+00,-0.77,-0.580996133,18.87763689,22.35162206
445.2,1.08,0.663422094,2.21876435,3.57E+00,-0.77,-0.578316696,18.89769112,22.36646088
450.4,1.08,0.661165476,2.208659449,3.56E+00,-0.77,-0.575632507,18.91759259,22.38108148
455.62,1.07,0.658913608,2.198578303,3.54E+00,-0.77,-0.57295307,18.93736313,22.39548386
460.87,1.07,0.65665699,2.188525661,3.53E+00,-0.76,-0.570268881,18.95698092,22.40988624
466.15,1.07,0.654405122,2.178496773,3.51E+00,-0.76,-0.567584693,18.97646777,22.42428862
471.45,1.07,0.652153254,2.16849639,3.50E+00,-0.76,-0.564905255,18.99580188,22.43847278
476.78,1.06,0.649901386,2.158524512,3.48E+00,-0.75,-0.562221067,19.01498323,22.45243873
482.14,1.06,0.647654269,2.148581138,3.46E+00,-0.75,-0.559536879,19.03403365,22.46640467
487.52,1.06,0.645402402,2.138661518,3.45E+00,-0.75,-0.55685269,19.05295315,22.4801524
492.92,1.05,0.643155285,2.128770403,3.43E+00,-0.75,-0.554168502,19.07171988,22.49390013
498.36,1.05,0.640908168,2.118907792,3.42E+00,-0.74,-0.551484314,19.09035569,22.50764785
503.81,1.05,0.638665801,2.109073686,3.40E+00,-0.74,-0.548800125,19.10886057,22.52117736
509.3,1.05,0.636423435,2.099268084,3.38E+00,-0.74,-0.546115937,19.12721269,22.53448865
514.8,1.04,0.634181069,2.089486237,3.37E+00,-0.74,-0.543431749,19.14545571,22.54779994
520.34,1.04,0.631938703,2.079737645,3.35E+00,-0.73,-0.54074756,19.16354597,22.56089302
525.9,1.04,0.629701087,2.070012807,3.34E+00,-0.73,-0.538063372,19.1815053,22.57398609
531.48,1.03,0.627468223,2.060321224,3.32E+00,-0.73,-0.535374433,19.19935553,22.58686095
537.09,1.03,0.625235358,2.050653395,3.30E+00,-0.73,-0.532690244,19.217053,22.5997358
542.72,1.03,0.623002493,2.041018822,3.29E+00,-0.72,-0.530006056,19.23464136,22.61261066
548.38,1.02,0.62077438,2.031408002,3.27E+00,-0.72,-0.527317117,19.25207697,22.6252673
554.06,1.02,0.618546266,2.021830438,3.26E+00,-0.72,-0.524632929,19.26940347,22.63770572
559.77,1.02,0.616322903,2.012281379,3.24E+00,-0.71,-0.52194874,19.28659904,22.65014413
565.5,1.01,0.614099539,2.002760824,3.22E+00,-0.71,-0.519259801,19.3036855,22.66258255
571.26,1.01,0.611880927,1.993268774,3.21E+00,-0.71,-0.516575613,19.32061921,22.67480276
577.04,1.01,0.609667066,1.983809979,3.19E+00,-0.71,-0.513886674,19.33744381,22.68680474
582.84,1.01,0.607453204,1.974379689,3.18E+00,-0.7,-0.511197734,19.35413748,22.69902494
588.67,1,0.605244093,1.964977903,3.16E+00,-0.7,-0.508513546,19.37072204,22.71080871
594.53,1,0.603034983,1.955604623,3.14E+00,-0.7,-0.505824607,19.38717567,22.72281069
600.4,1,0.600830623,1.946264597,3.13E+00,-0.69,-0.503135668,19.40352019,22.73459446
606.3,0.99,0.598631013,1.936953077,3.11E+00,-0.69,-0.500446729,19.41973378,22.74616001
612.23,0.99,0.596436155,1.927674811,3.09E+00,-0.69,-0.49776254,19.43581643,22.75772555
618.17,0.99,0.594241296,1.918425051,3.08E+00,-0.69,-0.495073601,19.45178998,22.7692911
624.14,0.98,0.592051189,1.909203795,3.06E+00,-0.68,-0.492384662,19.46765442,22.78063843
630.14,0.98,0.589865832,1.900015794,3.05E+00,-0.68,-0.489690972,19.48340976,22.79176755
636.16,0.98,0.587680475,1.890861049,3.03E+00,-0.68,-0.487002033,19.49903416,22.80311488
642.2,0.97,0.58550462,1.88173956,3.01E+00,-0.67,-0.484313094,19.51454945,22.81424399
648.26,0.97,0.583328764,1.872646575,3.00E+00,-0.67,-0.481624155,19.52993381,22.82515488
654.35,0.97,0.58115766,1.863586845,2.98E+00,-0.67,-0.478935216,19.54523088,22.83606578
660.46,0.96,0.578991306,1.854560371,2.96E+00,-0.67,-0.476241526,19.56039703,22.84697667
666.59,0.96,0.576829703,1.845562401,2.95E+00,-0.66,-0.473553062,19.57545406,22.85766935
672.74,0.95,0.574672851,1.836597687,2.93E+00,-0.66,-0.470862222,19.59040199,22.86836203
678.92,0.95,0.572520749,1.82767098,2.91E+00,-0.66,-0.468171858,19.6052408,22.87883648
685.12,0.95,0.570373398,1.818772776,2.90E+00,-0.65,-0.465481018,19.61997051,22.88931094
691.34,0.94,0.568235549,1.809907829,2.88E+00,-0.65,-0.462789704,19.63459111,22.8997854
697.59,0.94,0.5660977,1.801080887,2.86E+00,-0.65,-0.460098864,19.64908078,22.91004164
703.86,0.94,0.563964602,1.79228245,2.85E+00,-0.64,-0.45740755,19.66348316,22.92029788
710.14,0.93,0.561836254,1.78352202,2.83E+00,-0.64,-0.45471576,19.67777643,22.93055412
716.45,0.93,0.559717408,1.774794844,2.82E+00,-0.64,-0.452024446,19.69196059,22.94059215
722.79,0.93,0.557603313,1.766100924,2.80E+00,-0.63,-0.449332656,19.70603565,22.95063017
729.14,0.92,0.555493969,1.757445011,2.78E+00,-0.63,-0.446640391,19.72000159,22.96044997
735.52,0.92,0.553389375,1.748822353,2.77E+00,-0.63,-0.443948127,19.73385843,22.97026978
741.91,0.92,0.551289532,1.74023295,2.75E+00,-0.62,-0.441256337,19.74762798,22.97987137
748.33,0.91,0.549199191,1.731681553,2.73E+00,-0.62,-0.438563597,19.7612666,22.98969117
754.77,0.91,0.5471136,1.723168163,2.72E+00,-0.62,-0.435871333,19.77481793,22.99929276
761.23,0.91,0.54503276,1.714688028,2.70E+00,-0.62,-0.433178593,19.78826015,23.00867613
767.71,0.9,0.542961422,1.706241149,2.68E+00,-0.61,-0.430485853,19.80159326,23.0180595
774.22,0.9,0.540894834,1.697832275,2.67E+00,-0.61,-0.427793114,19.81481727,23.02744287
780.74,0.89,0.538832998,1.689461408,2.65E+00,-0.61,-0.425099424,19.82795398,23.03660802
787.28,0.89,0.536780662,1.681123797,2.64E+00,-0.6,-0.422406209,19.84098159,23.04577317
793.85,0.89,0.534733078,1.672828942,2.62E+00,-0.6,-0.419712519,19.85392191,23.05493832
800.43,0.88,0.532690244,1.664567343,2.60E+00,-0.6,-0.417018354,19.86675312,23.06388525
807.04,0.88,0.530656912,1.65634375,2.59E+00,-0.59,-0.414324189,19.87947523,23.07283219
813.66,0.88,0.528633082,1.648158163,2.57E+00,-0.59,-0.411630024,19.89211004,23.08177912
820.31,0.87,0.526614002,1.640010582,2.56E+00,-0.59,-0.408935384,19.90463575,23.09050784
826.98,0.87,0.524604424,1.631901008,2.54E+00,-0.58,-0.406240744,19.91705235,23.09923655
833.66,0.86,0.522599596,1.62382944,2.53E+00,-0.58,-0.403546104,19.92940348,23.10796527
840.37,0.86,0.520604271,1.615795878,2.51E+00,-0.58,-0.400851464,19.94162368,23.11647577
847.09,0.86,0.518613696,1.607805073,2.49E+00,-0.57,-0.398156348,19.9537566,23.12498626
853.84,0.85,0.516632622,1.599852274,2.48E+00,-0.57,-0.395461233,19.96580222,23.13327854
860.6,0.85,0.51466105,1.591942232,2.46E+00,-0.57,-0.392765643,19.97773874,23.14157082
867.39,0.85,0.51269898,1.584070197,2.45E+00,-0.56,-0.390070528,19.98958797,23.1498631
874.19,0.84,0.51074166,1.576240918,2.43E+00,-0.56,-0.387374938,20.00134992,23.15815538
881.01,0.84,0.508793842,1.568449646,2.42E+00,-0.56,-0.384679348,20.01298093,23.16622945
887.85,0.83,0.506855525,1.56070113,2.40E+00,-0.55,-0.381983757,20.02454648,23.17430351
894.71,0.83,0.50492671,1.552990621,2.38E+00,-0.55,-0.379288167,20.03600292,23.18237757
901.59,0.83,0.503007397,1.54532762,2.37E+00,-0.55,-0.376592102,20.04737207,23.19023341
908.49,0.82,0.501092834,1.537702624,2.35E+00,-0.54,-0.373896036,20.05865394,23.19808926
915.4,0.82,0.499192524,1.530120386,2.34E+00,-0.54,-0.371200446,20.06982669,23.20572688
922.34,0.81,0.497296964,1.522580905,2.32E+00,-0.54,-0.368503906,20.08091216,23.21358273
929.29,0.81,0.495410906,1.515084181,2.31E+00,-0.53,-0.365807841,20.09191034,23.22100214
936.26,0.81,0.493539101,1.507630213,2.29E+00,-0.53,-0.3631113,20.10282124,23.22863976
943.25,0.8,0.491672046,1.500223754,2.28E+00,-0.52,-0.360415235,20.11362302,23.23605917
950.25,0.8,0.489814492,1.4928553,2.26E+00,-0.52,-0.357718695,20.12433752,23.24347858
957.28,0.79,0.487971191,1.485534355,2.24E+00,-0.52,-0.355022154,20.13496473,23.25089799
964.32,0.79,0.486132641,1.478256166,2.23E+00,-0.51,-0.352325139,20.14548283,23.25809918
971.38,0.79,0.484303592,1.471020734,2.21E+00,-0.51,-0.349628123,20.15593547,23.26530037
978.46,0.78,0.482488796,1.46382806,2.20E+00,-0.51,-0.346931108,20.166279,23.27250156
985.55,0.78,0.480683501,1.456682893,2.18E+00,-0.5,-0.344234092,20.17653524,23.27970275
992.66,0.77,0.478882957,1.449585234,2.17E+00,-0.5,-0.341536602,20.18670419,23.28668572
999.79,0.77,0.477096665,1.442530332,2.15E+00,-0.5,-0.338839586,20.19678586,23.29366869
1006.94,0.77,0.475324626,1.435522937,2.14E+00,-0.49,-0.336142096,20.20678024,23.30043345
1014.1,0.76,0.473558287,1.4285583,2.12E+00,-0.49,-0.333444605,20.21668733,23.3071982
1021.28,0.76,0.471803826,1.42164117,2.11E+00,-0.49,-0.330747115,20.22650714,23.31396296
1028.47,0.75,0.470060291,1.414771548,2.09E+00,-0.48,-0.328049149,20.23621783,23.32072771
1035.68,0.75,0.468327683,1.407949434,2.08E+00,-0.48,-0.325351184,20.24586306,23.32727425
1042.91,0.75,0.466606002,1.401170077,2.06E+00,-0.48,-0.322653218,20.25542101,23.33382079
1050.16,0.74,0.464895723,1.394442978,2.05E+00,-0.47,-0.319955252,20.26486984,23.34036732
1057.42,0.74,0.46319637,1.387758637,2.03E+00,-0.47,-0.317257287,20.27425321,23.34669564
1064.7,0.73,0.46150842,1.381126554,2.02E+00,-0.46,-0.314559321,20.28352747,23.35302396
1071.99,0.73,0.459832346,1.374541978,2.00E+00,-0.46,-0.31186088,20.29273627,23.35935228
1079.3,0.73,0.458167674,1.368004911,1.99E+00,-0.46,-0.309162915,20.30185777,23.3656806
1086.62,0.72,0.456514879,1.361515351,1.97E+00,-0.45,-0.306464949,20.310892,23.3717907
1093.96,0.72,0.454873486,1.35507805,1.96E+00,-0.45,-0.303766509,20.31983893,23.3779008
1101.31,0.71,0.453244445,1.348688256,1.94E+00,-0.45,-0.301068543,20.32869858,23.38379268
1108.68,0.71,0.451627281,1.342350721,1.93E+00,-0.44,-0.298370102,20.33747093,23.38990278
1116.07,0.71,0.450021994,1.336060694,1.91E+00,-0.44,-0.295671662,20.34615601,23.39579467
1123.47,0.7,0.448429534,1.329822925,1.90E+00,-0.44,-0.292973696,20.35477561,23.40168655
1130.88,0.7,0.446848951,1.323632664,1.89E+00,-0.43,-0.290275255,20.36330793,23.40736021
1138.31,0.7,0.445281195,1.317494662,1.87E+00,-0.43,-0.287576815,20.37173114,23.4132521
1145.76,0.69,0.443725315,1.311404167,1.86E+00,-0.42,-0.284878849,20.38008889,23.41892576
1153.22,0.69,0.442182263,1.305370682,1.84E+00,-0.42,-0.282180408,20.38838117,23.42438121
1160.69,0.68,0.440652039,1.299384704,1.83E+00,-0.42,-0.279481493,20.39656434,23.43005487
1168.18,0.68,0.439134166,1.293446235,1.81E+00,-0.41,-0.276783052,20.40468204,23.43551032
1175.68,0.68,0.43762912,1.287564774,1.80E+00,-0.41,-0.274084136,20.41269064,23.44096577
1183.19,0.67,0.436136901,1.281730821,1.78E+00,-0.41,-0.27138522,20.42063377,23.446203
1190.72,0.67,0.43465751,1.275953878,1.77E+00,-0.4,-0.268686305,20.42851144,23.45144023
1198.26,0.66,0.43319142,1.270224442,1.75E+00,-0.4,-0.265987389,20.43627999,23.45667746
1205.82,0.66,0.431738158,1.264552016,1.74E+00,-0.39,-0.263288473,20.44398309,23.46191469
1213.39,0.66,0.430298673,1.258927097,1.73E+00,-0.39,-0.260589082,20.45159889,23.46715192
1220.97,0.65,0.428872015,1.253359188,1.71E+00,-0.39,-0.257890166,20.45912741,23.47217093
1228.57,0.65,0.427458659,1.247843537,1.70E+00,-0.38,-0.255190776,20.46659046,23.47718994
1236.18,0.65,0.42605908,1.242380145,1.68E+00,-0.38,-0.252491385,20.47396622,23.48220895
1243.8,0.64,0.424672804,1.236969011,1.67E+00,-0.37,-0.249791994,20.4812547,23.48700974
1251.44,0.64,0.423300305,1.231614887,1.65E+00,-0.37,-0.247092603,20.48847771,23.49181054
1259.08,0.63,0.421941108,1.226313021,1.64E+00,-0.37,-0.244393212,20.49561344,23.49661133
1266.74,0.63,0.420596163,1.221063414,1.63E+00,-0.36,-0.241693821,20.50266188,23.50141212
1274.42,0.63,0.419264521,1.215870816,1.61E+00,-0.36,-0.238993955,20.50962303,23.5059947
1282.1,0.62,0.417946655,1.210730476,1.60E+00,-0.36,-0.236294565,20.51651871,23.51057728
1289.8,0.62,0.416643043,1.205642395,1.59E+00,-0.35,-0.233594699,20.52332711,23.51515985
1297.51,0.62,0.415353682,1.200611324,1.57E+00,-0.35,-0.230895308,20.53007004,23.51952421
1305.23,0.61,0.414077624,1.195637261,1.56E+00,-0.34,-0.228195442,20.53672569,23.52410679
1312.96,0.61,0.412816293,1.190715457,1.55E+00,-0.34,-0.225495576,20.54331587,23.52847114
1320.71,0.61,0.411569214,1.185850663,1.53E+00,-0.34,-0.22279571,20.54979694,23.53261728
1328.46,0.6,0.410335913,1.181038127,1.52E+00,-0.33,-0.220095369,20.55623437,23.53698164
1336.23,0.6,0.409116863,1.1762826,1.50E+00,-0.33,-0.217395503,20.56256269,23.54112778
1344.01,0.6,0.407912542,1.171584083,1.49E+00,-0.33,-0.214695637,20.56882554,23.54527392
1351.8,0.59,0.406721997,1.166942575,1.48E+00,-0.32,-0.211995296,20.57502293,23.54942006
1359.6,0.59,0.40554618,1.162353326,1.46E+00,-0.32,-0.209294955,20.58113303,23.55334798
1367.41,0.59,0.404385091,1.157821085,1.45E+00,-0.31,-0.206595089,20.58715584,23.55749412
1375.23,0.58,0.403238253,1.153345855,1.44E+00,-0.31,-0.203894748,20.59311319,23.56120383
1383.06,0.58,0.402106144,1.148927633,1.42E+00,-0.31,-0.201194407,20.59898325,23.56513175
1390.91,0.58,0.400988761,1.144566421,1.41E+00,-0.3,-0.198494066,20.60478785,23.56905967
1398.76,0.57,0.399885631,1.140257467,1.40E+00,-0.3,-0.195793725,20.61050516,23.57276937
1406.62,0.57,0.398797228,1.136010273,1.39E+00,-0.29,-0.193093384,20.616157,23.57647908
1414.5,0.57,0.397724028,1.131820089,1.37E+00,-0.29,-0.190392568,20.62172156,23.57997057
1422.38,0.56,0.39666508,1.127682163,1.36E+00,-0.29,-0.187692227,20.62719883,23.58368027
1430.27,0.56,0.395620859,1.123605998,1.35E+00,-0.28,-0.184991886,20.63261063,23.58717176
1438.18,0.56,0.394591841,1.119586841,1.33E+00,-0.28,-0.18229107,20.63795697,23.59066324
1446.09,0.55,0.393577551,1.115619943,1.32E+00,-0.27,-0.179590729,20.64321602,23.59415473
1454.01,0.55,0.392578463,1.111714806,1.31E+00,-0.27,-0.176889913,20.64838778,23.597428
1461.94,0.55,0.391594102,1.107866677,1.30E+00,-0.27,-0.174189097,20.65349408,23.60070126
1469.88,0.54,0.390624468,1.104075558,1.28E+00,-0.26,-0.171488756,20.65851309,23.60397453
1477.83,0.54,0.389670038,1.100341448,1.27E+00,-0.26,-0.16878794,20.66346664,23.6072478
1485.79,0.54,0.388730809,1.096669099,1.26E+00,-0.25,-0.166087124,20.66835472,23.61052107
1493.75,0.54,0.387806783,1.093053758,1.25E+00,-0.25,-0.163386308,20.67315551,23.61357612
1501.73,0.53,0.386897485,1.089490676,1.23E+00,-0.25,-0.160685492,20.67786902,23.61663117
1509.71,0.53,0.386003389,1.085989354,1.22E+00,-0.24,-0.157984676,20.68251706,23.61968622
1517.7,0.53,0.385124495,1.082549793,1.21E+00,-0.24,-0.15528386,20.68707782,23.62252305
1525.7,0.52,0.384260804,1.07916249,1.20E+00,-0.23,-0.152583044,20.6915731,23.62535989
1533.71,0.52,0.383412316,1.075836946,1.19E+00,-0.23,-0.149882227,20.69598111,23.62819672
1541.73,0.52,0.38257903,1.072568413,1.17E+00,-0.23,-0.147180936,20.70032364,23.63103355
1549.75,0.52,0.381760946,1.069361639,1.16E+00,-0.22,-0.14448012,20.70460071,23.63387038
1557.78,0.51,0.380958065,1.066207124,1.15E+00,-0.22,-0.141779304,20.70876867,23.636489
1565.82,0.51,0.380170861,1.06311912,1.14E+00,-0.21,-0.139078488,20.71289299,23.63910761
1573.86,0.51,0.37939886,1.060083374,1.13E+00,-0.21,-0.136377672,20.71693002,23.64172623
1581.92,0.51,0.378641586,1.057109388,1.12E+00,-0.21,-0.133676381,20.72087977,23.64412662
1589.98,0.5,0.37789999,1.054192412,1.11E+00,-0.2,-0.130975565,20.72476405,23.64674524
1598.04,0.5,0.377173597,1.051337195,1.09E+00,-0.2,-0.128274749,20.72856104,23.64914564
1606.12,0.5,0.376462406,1.048538988,1.08E+00,-0.19,-0.125573933,20.73229256,23.65154603
1614.2,0.5,0.375766892,1.045797791,1.07E+00,-0.19,-0.122872642,20.7359368,23.65372821
1622.28,0.49,0.375087056,1.043118353,1.06E+00,-0.19,-0.120171825,20.73951558,23.65612861
1630.38,0.49,0.374421947,1.040495925,1.05E+00,-0.18,-0.117471009,20.74300706,23.65831079
1638.48,0.49,0.373772516,1.037935257,1.04E+00,-0.18,-0.114770193,20.74641126,23.66049297
1646.58,0.49,0.373137813,1.035431598,1.03E+00,-0.17,-0.112068902,20.74977182,23.66245693
1654.69,0.48,0.372519262,1.032989699,1.02E+00,-0.17,-0.109368086,20.75302326,23.66463911
1662.81,0.48,0.371915438,1.03060481,1.01E+00,-0.17,-0.106666795,20.75620924,23.66660307
1670.93,0.48,0.371327292,1.02828168,1.00E+00,-0.16,-0.103965979,20.75932976,23.66856703
1679.06,0.48,0.370754824,1.02601556,9.92E-01,-0.16,-0.101265163,20.76236299,23.67053099
1687.19,0.48,0.370197557,1.0238112,9.83E-01,-0.15,-0.098563872,20.76533075,23.67227673
1695.33,0.47,0.369655494,1.021663849,9.73E-01,-0.15,-0.095863056,20.76821123,23.67402248
1703.47,0.47,0.369129108,1.019573508,9.64E-01,-0.15,-0.093161764,20.77100442,23.67576822
1711.62,0.47,0.368617925,1.017549677,9.55E-01,-0.14,-0.090460948,20.77373214,23.67751396
1719.78,0.47,0.368121944,1.015578106,9.47E-01,-0.14,-0.087759657,20.77637258,23.67925971
1727.94,0.47,0.36764164,1.013668294,9.38E-01,-0.13,-0.085058841,20.77894755,23.68078723
1736.1,0.47,0.367176064,1.011820242,9.30E-01,-0.13,-0.08235755,20.78143523,23.68231476
1744.27,0.46,0.366726166,1.010029199,9.22E-01,-0.13,-0.079656259,20.78385745,23.68384228
1752.44,0.46,0.366291945,1.008295166,9.14E-01,-0.12,-0.076954968,20.78619238,23.68536981
1760.61,0.46,0.365872451,1.006627644,9.06E-01,-0.12,-0.074253676,20.78844003,23.68667911
1768.79,0.46,0.36546816,1.00501238,8.98E-01,-0.11,-0.071552385,20.79062221,23.68798842
1776.98,0.46,0.365079547,1.003458876,8.91E-01,-0.11,-0.068851094,20.79273892,23.68929773
1785.16,0.46,0.364706136,1.001967133,8.84E-01,-0.1,-0.066149328,20.79474652,23.69060704
1793.35,0.46,0.364347927,1.000532398,8.77E-01,-0.1,-0.063448037,20.79668866,23.69169813
1801.55,0.45,0.364004446,0.999154673,8.70E-01,-0.1,-0.060746746,20.79854351,23.69300743
1809.75,0.45,0.363676643,0.997838708,8.64E-01,-0.09,-0.058044979,20.8003329,23.69409852
1817.95,0.45,0.363364042,0.996584504,8.58E-01,-0.09,-0.055343688,20.802035,23.69497139
1826.15,0.45,0.363067118,0.995387308,8.52E-01,-0.08,-0.052641922,20.80364981,23.69606248
1834.36,0.45,0.362784922,0.994251873,8.46E-01,-0.08,-0.049940156,20.80517734,23.69693535
1842.57,0.45,0.362517928,0.993173447,8.40E-01,-0.08,-0.047238817,20.80661758,23.69780823
1850.78,0.45,0.362266612,0.992156781,8.35E-01,-0.07,-0.044537383,20.80797053,23.6986811
1858.99,0.45,0.362030024,0.991197124,8.30E-01,-0.07,-0.041835997,20.80925801,23.69955397
1867.21,0.45,0.361808637,0.990299227,8.26E-01,-0.06,-0.039134706,20.81043639,23.70020862
1875.43,0.45,0.361602454,0.98945834,8.21E-01,-0.06,-0.036433605,20.81152748,23.70108149
1883.65,0.44,0.361411473,0.988679213,8.17E-01,-0.06,-0.033732646,20.81253128,23.70173615
1891.87,0.44,0.361235694,0.987961845,8.13E-01,-0.05,-0.031031973,20.8134478,23.70217258
1900.09,0.44,0.361074643,0.987301488,8.10E-01,-0.05,-0.028331537,20.81427702,23.70282724
1908.32,0.44,0.360928794,0.986698139,8.07E-01,-0.04,-0.025631433,20.81501897,23.70326367
1916.55,0.44,0.360798147,0.986156551,8.04E-01,-0.04,-0.022931758,20.8156518,23.70370011
1924.78,0.44,0.360682229,0.985676722,8.01E-01,-0.03,-0.020232509,20.81617552,23.70413654
1933.01,0.44,0.360581512,0.985253903,7.98E-01,-0.03,-0.017533783,20.81663378,23.70457298
1941.24,0.44,0.360495998,0.984892844,7.96E-01,-0.03,-0.014835675,20.81698293,23.7047912
1949.47,0.44,0.360425687,0.984588795,7.94E-01,-0.02,-0.012138232,20.81724479,23.70500942
1957.7,0.44,0.360370103,0.984346505,7.93E-01,-0.02,-0.009441407,20.81741936,23.70522763
1965.94,0.44,0.360329246,0.984161225,7.92E-01,-0.01,-0.006745294,20.81752847,23.70544585
1974.17,0.44,0.360303592,0.984042455,7.91E-01,-0.01,-0.004049742,20.81757211,23.70544585
1982.4,0.44,0.36029314,0.983975945,7.90E-01,-0.01,-0.001354636,20.81759394,23.70544585
1990.64,0.44,0.360292665,0.983975945,7.90E-01,0,-7.16E-06,20.81759394,23.70544585
